Brand,Model,Variant,Release Year,Status,MSRP USD,SoC,OS,RAM GB,Storage GB,microSD,Battery mAh,DAC,Amp,3.5mm,4.4mm,SE Power mW,BAL Power mW,Source URL,Notes,Colors,Image URL,Image Source URL,Image Credit,Image Type,image_filename,image_url,image_source_url,image_credit,color_variants,2.5mm,6.35mm,Bluetooth,Wi-Fi,Cellular,4G,5G,Bluetooth Version,Bluetooth Codecs,USB DAC,Line Out,Coax Out,Optical Out,Balanced Output Type,SE Power Load,BAL Power Load,Display Size,Weight,Dimensions,PCM Max,DSD Max,MQA,Streaming Services,Wi-Fi Bands,USB Port,Battery Life Hours,Storage Expansion Max
Astell&Kern,A&norma SR35,,2023,Active,799,Quad-core,Android-based,4,64,TRUE,3150,Quad CS43198,,TRUE,TRUE,,,https://www.astellnkern.com/en/product/view.php?idx=138,"Verified - Official: Astell&Kern's SR35 product page and manual confirm Quad-core CPU, four CS43198 DACs, 64GB NAND, microSD up to 1TB, 3150mAh battery, about 20h playback, 3.6in display, 3.5mm unbalanced plus 2.5mm/4.4mm balanced outputs, Bluetooth 5.0 with aptX HD/LDAC, 2.4GHz Wi-Fi, USB DAC support through USB-C, PCM 32-bit/384kHz, native DSD256, MQA, 184g weight, 64.9 x 108.3 x 16.1 mm dimensions, and Charcoal Gray finish. Output is published in Vrms without a matching load, so structured mW fields remain blank.",,,,,,astell-kern-a-norma-sr35.webp,,https://www.astellnkern.com/en/product/view.php?idx=138,Astell&Kern,Charcoal Gray,TRUE,,TRUE,TRUE,,,,5.0,"aptX HD, LDAC",TRUE,,,,2.5mm/4.4mm,,,3.6in,184g,64.9 x 108.3 x 16.1 mm,32-bit/384kHz,DSD256,TRUE,,2.4GHz,USB-C,20h,1TB
Astell&Kern,A&ultima SP3000,,2022,Active,3699,Snapdragon 6125,Android-based,8,256,TRUE,5050,AK4191EQ + Dual AK4499EX,,TRUE,TRUE,,,https://www.astellnkern.com/en/product/view.php?idx=133,"Verified - Official: Astell&Kern's SP3000 product page confirms Snapdragon 6125, 8GB RAM, 256GB NAND, microSD up to 1TB, dual AK4191EQ plus four AK4499EX DACs, 5050mAh battery, about 10h playback, 5.5in display, 3.5mm unbalanced/optical plus 2.5mm and 4.4mm balanced outputs, Bluetooth 5.0 with aptX HD/LDAC, dual-band Wi-Fi, USB DAC through USB-C, PCM 32-bit/768kHz, native DSD512, MQA, 493g stainless-steel weight, and 82.4 x 139.4 x 18.3 mm dimensions. Official editions include Black, Silver, Copper, 24K Gold, and Platinum finishes. Output is published in Vrms without a matching load, so structured mW fields remain blank.",,,,,,astell-kern-a-ultima-sp3000.webp,,https://www.astellnkern.com/en/product/view.php?idx=133,Astell&Kern,Black / Silver / Copper / 24K Gold / Platinum,TRUE,,TRUE,TRUE,,,,5.0,"aptX HD, LDAC",TRUE,,,TRUE,2.5mm/4.4mm,,,5.5in,493g,82.4 x 139.4 x 18.3 mm,32-bit/768kHz,DSD512,TRUE,,2.4GHz / 5GHz,USB-C,10h,1TB
Astell&Kern,A&ultima SP3000M,,2024,Active,2299,Snapdragon 6125,Android-based,8,256,TRUE,4200,AK4191EQ + Dual AK4499EX,,TRUE,TRUE,,,https://www.astellnkern.com/en/product/view.php?idx=153,"Verified - Official: Astell&Kern's SP3000M product page confirms Snapdragon 6125, 8GB RAM, 256GB NAND, microSD up to 1.5TB, dual AK4191EQ plus four AK4499EX DACs, 4200mAh battery, about 10h playback, 4.1in display, 3.5mm unbalanced and 4.4mm balanced outputs, Bluetooth 5.0 with aptX HD/LDAC/LHDC, dual-band Wi-Fi, USB DAC through USB-C, PCM 32-bit/768kHz, native DSD512, 237g weight, 69.1 x 119.6 x 18.8 mm dimensions, and Black / Copper Nickel finishes. Output is published in Vrms without a matching load, so structured mW fields remain blank.",,,,,,astell-kern-a-ultima-sp3000m.webp,,https://www.astellnkern.com/en/product/view.php?idx=153,Astell&Kern,Black / Copper Nickel,,,TRUE,TRUE,,,,5.0,"aptX HD, LDAC, LHDC",TRUE,,,,4.4mm,,,4.1in,237g,69.1 x 119.6 x 18.8 mm,32-bit/768kHz,DSD512,,,2.4GHz / 5GHz,USB-C,10h,1.5TB
Astell&Kern,KANN MAX,,2022,Active,1300,Quad-core,Android-based,4,64,TRUE,5600,Quad ES9038Q2M,,TRUE,TRUE,,,https://www.astellnkern.com/en/product/view.php?idx=128,"Verified - Official: Astell&Kern's KANN MAX page confirms Quad-core CPU, four ES9038Q2M DACs, 64GB NAND, microSD up to 1TB, 5600mAh battery, about 13h playback, 3.5mm unbalanced/optical plus 2.5mm and 4.4mm balanced outputs, Bluetooth 5.0 with aptX HD/LDAC, Wi-Fi file transfer, USB DAC through USB-C, PCM 32-bit/768kHz, native DSD512, MQA 8x, 305g weight, 68.3 x 117 x 23.6 mm dimensions, and Anthracite Gray / Brown Mud finishes. Manufacturer output values are Vrms with no load, so structured mW fields remain blank.",,,,,,astell-kern-kann-max.webp,,https://www.astellnkern.com/en/product/view.php?idx=128,Astell&Kern,Anthracite Gray / Brown Mud,TRUE,,TRUE,TRUE,,,,5.0,"aptX HD, LDAC",TRUE,,,TRUE,2.5mm/4.4mm,,,4.1in,305g,68.3 x 117 x 23.6 mm,32-bit/768kHz,DSD512,TRUE,,,USB-C,13h,1TB
Astell&Kern,KANN ULTRA,,2023,Active,1599,Quad-core,Android-based,4,128,TRUE,8400,Dual ES9039MPRO,,TRUE,TRUE,,,https://www.astellnkern.com/en/product/view.php?idx=145,"Verified - Official: Astell&Kern's KANN ULTRA product page and Bluetooth correction notice confirm Octa-core CPU, dual ES9039MPRO DACs, 128GB NAND, microSD up to 1TB, 8400mAh battery, about 11h playback, 5.5in display, separate 3.5mm and 4.4mm headphone/pre/line outputs, 3.5mm S/PDIF output, Bluetooth 5.3 with aptX HD/LDAC/LHDC, dual-band Wi-Fi, USB DAC through USB-C, PCM 32-bit/768kHz, native DSD512, MQA renderer support, 390g weight, 82 x 140 x 24 mm dimensions, and Astro Gray finish. Manufacturer power is specified only in no-load Vrms, so structured mW fields remain blank.",,,,,,astell-kern-kann-ultra.webp,,https://www.astellnkern.com/en/product/view.php?idx=145,Astell&Kern,Astro Gray,,,TRUE,TRUE,,,,5.3,"aptX HD, LDAC, LHDC",TRUE,TRUE,,TRUE,4.4mm,,,5.5in,390g,82 x 140 x 24 mm,32-bit/768kHz,DSD512,TRUE,,2.4GHz / 5GHz,USB-C,11h,1TB
FiiO,JM21,4GB/64GB Refresh,2026,Active,250,Snapdragon 680,Android 13,4,64,TRUE,3100,Dual CS43198,,TRUE,TRUE,,,https://www.fiio.com/jm21,"Partial - Official: FiiO JM21 Basic Specifications confirm both 3GB/32GB and 4GB/64GB configurations, Snapdragon 680, Android 13, CS43198 x2 DACs, SGM8262 x2 op-amps, microSD up to 2TB, 3.5mm + 4.4mm outputs, 3100mAh battery for 4GB/64GB, 16h SE / 12.5h BAL battery life for 4GB/64GB. Existing public power figure removed from structured field because the impedance/load needs re-verification.",,,,,,jm21-blue.webp,,https://www.fiio.com/jm21,FiiO,Blue,,,,,,,,,,,,,,4.4mm,,,,,,,,,,,,16h SE / 12.5h BAL,2TB
FiiO,JM21,Original 3GB/32GB,2025,Active,199,Snapdragon 680,Android 13,3,32,TRUE,2400,Dual CS43198,,TRUE,TRUE,,,https://www.fiio.com/jm21,"Partial - Official: FiiO JM21 Basic Specifications confirm the original 3GB/32GB configuration, Snapdragon 680, Android 13, CS43198 x2 DACs, SGM8262 x2 op-amps, microSD up to 2TB, 3.5mm + 4.4mm outputs, 2400mAh battery, 12.5h SE / 9.5h BAL battery life. Existing public power figure removed from structured field because the impedance/load needs re-verification.",,,,,,jm21-blue.webp,,https://www.fiio.com/jm21,FiiO,Blue,,,,,,,,,,,,,,4.4mm,,,,,,,,,,,,12.5h SE / 9.5h BAL,2TB
FiiO,M7,,2018,Discontinued,199,,Android-based,,2,TRUE,1180,ES9018Q2C,ES9018Q2C integrated amp,TRUE,FALSE,,,https://www.fiio.com/m7,"Partial - Official: FiiO page confirms Exynos 7270 platform, ES9018Q2C DAC/amp, 2GB built-in storage, microSD up to 512GB, 1180mAh battery, 20h playback, 3.5mm output, Bluetooth 4.2, LDAC/aptX HD, USB audio out. RAM not listed on parsed official page. Existing public power figure removed from structured field because the impedance/load needs re-verification.",,,,,,fiio-m7.webp,,https://www.fiio.com/m7,FiiO,,,,TRUE,,,,,4.2,"aptX HD, LDAC",,,,,,,,,,,,,,,,,20h,512GB
FiiO,M9,,2018,Discontinued,299,Exynos 7270,Android-based,,2,TRUE,2350,Dual AK4490EN,,TRUE,FALSE,,,https://www.fiio.com/m9,"Verified - Official: FiiO page confirms Exynos 7270, dual AK4490EN DACs, 3.5mm + 2.5mm outputs, 10h playback, 2GB storage, microSD up to 2TB, USB DAC/audio, Bluetooth 4.2, LDAC/aptX HD. 4.4mm is FALSE because balanced output is 2.5mm. Battery mAh retained from existing public specs; official parsed page confirms playback time but not battery capacity.",,,,,,fiio-m9.webp,,https://www.fiio.com/m9,FiiO,,TRUE,,TRUE,,,,,4.2,"aptX HD, LDAC",TRUE,,,,2.5mm,,,,,,,,,,,,10h,2TB
FiiO,M11,,2019,Discontinued,449,Exynos 7872,Android 7.0,3,32,TRUE,3800,Dual AK4493,,TRUE,TRUE,,,https://www.fiio.com/m11,"Partial - Official: FiiO page confirms Exynos 7872, 3GB RAM, 32GB storage, dual AK4493 DACs, 2.5mm/3.5mm/4.4mm outputs, Android 7.0, 13h battery life, dual microSD slots up to 2TB each, Bluetooth and Wi-Fi features. Battery mAh retained from existing specs; official parsed page confirms battery life. Existing public power figure removed from structured field because the impedance/load needs re-verification.",,,,,,fiio-m11.webp,,https://www.fiio.com/m11,FiiO,,TRUE,,TRUE,TRUE,,,,,,,,,,2.5mm/4.4mm,,,,,,,,,,,,13h,2TB each
FiiO,M11 Plus ESS,,2022,Discontinued,699,Snapdragon 660,Android 10,4,64,TRUE,6000,Dual ES9068AS,Dual THX AAA-78,TRUE,TRUE,,,https://www.fiio.com/m11plusess,"Partial - Official: FiiO page confirms Snapdragon 660, Android 10, dual ES9068AS DACs, dual THX AAA-78 amps, 6000mAh battery, 3.5mm/2.5mm/4.4mm outputs. Existing public power figure removed from structured field because the impedance/load needs re-verification.",,,,,,fiio-m11-plus-ess.webp,,https://www.fiio.com/m11plusess,FiiO,,TRUE,,,,,,,,,,,,,2.5mm/4.4mm,,,,,,,,,,,,,
FiiO,M11 Plus LTD,,2021,Discontinued,749,Snapdragon 660,Android 10,4,64,TRUE,6000,Dual AK4497EQ,Dual THX AAA-78,TRUE,TRUE,,,https://www.fiio.com/m11plusltd,"Partial - Official: FiiO page confirms Snapdragon 660, Android 10, dual AK4497EQ DACs, dual THX AAA-78 amps, 6000mAh battery, 3.5mm/2.5mm/4.4mm outputs. Existing public power figure removed from structured field because the impedance/load needs re-verification.",,,,,,fiio-m11-plus-ltd.webp,,https://www.fiio.com/m11plusltd,FiiO,,TRUE,,,,,,,,,,,,,2.5mm/4.4mm,,,,,,,,,,,,,
FiiO,M11S,,2022,Discontinued,499,Snapdragon 660,Android 10,3,32,TRUE,5300,Dual ES9038Q2M,,TRUE,TRUE,,,https://www.fiio.com/m11s,"Partial - Official: FiiO page confirms Snapdragon 660, Android 10, dual ES9038Q2M DACs, 5-inch display, 14h battery life. Existing public power figure removed from structured field because the impedance/load needs re-verification.",,,,,,fiio-m11s.webp,,https://www.fiio.com/m11s,FiiO,,,,,,,,,,,,,,,4.4mm,,,5in,,,,,,,,,14h,
FiiO,M15,,2020,Discontinued,1299,Exynos 7872,Android 7,3,64,TRUE,7490,Dual AK4499EQ,,TRUE,TRUE,,,https://www.fiio.com/m15,"Partial - Official: FiiO page confirms Exynos 7872, dual AK4499EQ DACs, 2.5mm/3.5mm/4.4mm outputs, 7490mAh battery, 15h battery life. Existing public power figure removed from structured field because the impedance/load needs re-verification.",,,,,,fiio-m15.webp,,https://www.fiio.com/m15,FiiO,,TRUE,,,,,,,,,,,,,2.5mm/4.4mm,,,,,,,,,,,,15h,
FiiO,M15S,,2023,Active,999,Snapdragon 660,Android 10,4,64,TRUE,6200,ES9038PRO,,TRUE,TRUE,,,https://www.fiio.com/m15s,"Partial - Official: FiiO M15S page confirms Snapdragon 660, Android 10, ES9038PRO DAC, 4GB RAM, 64GB storage, microSD up to 2TB, 6200mAh battery, 3.5mm PO/LO/coaxial and 4.4mm balanced PO/LO, Bluetooth 5.0 with listed transmit/receive codecs, dual-band Wi-Fi, USB DAC mode, AirPlay, DLNA, Roon Ready mode, and third-party Android app support. Official public power figures remain out of the structured fields because the available page text does not provide a clean SE/BAL plus impedance mapping for the headline figure.",,,,,,fiio-m15s.webp,,https://www.fiio.com/m15s,FiiO,,,,TRUE,TRUE,,,,5.0,"TX: SBC, AAC, aptX, aptX HD, LDAC, LHDC; RX: SBC, AAC, aptX, aptX HD, aptX LL, LDAC, aptX Adaptive",TRUE,TRUE,TRUE,,4.4mm,,,,,,,,,Third-party Android apps; AirPlay; DLNA; Roon Ready,2.4GHz / 5GHz,,,2TB
FiiO,M17,,2021,Active,1799,Snapdragon 660,Android 10,4,64,TRUE,9200,Dual ES9038PRO,Dual THX AAA 788+,TRUE,TRUE,,,https://www.fiio.com/m17,"Partial - Official: FiiO M17 page confirms Snapdragon 660, Android 10, dual ES9038PRO DACs, dual THX AAA 788+ amps, 4GB RAM, 64GB storage, microSD up to 2TB, 9200mAh battery, 3.5mm/2.5mm/4.4mm outputs, Bluetooth 5.0 with listed transmit/receive codecs, USB DAC and coaxial functions, 5.99-inch display, 610g weight, 156.4 x 88.5 x 28 mm dimensions, PCM 32-bit/768kHz, DSD512, MQA, AirPlay, Roon Ready, and approximately 10h SE / 8h BAL playback. Official public power figures remain out of the structured fields because the page does not cleanly separate SE and balanced mW figures for database entry.",,,,,,fiio-m17.webp,,https://www.fiio.com/m17,FiiO,,TRUE,,TRUE,TRUE,,,,5.0,"TX: SBC, AAC, aptX, aptX HD, LDAC; RX: SBC, AAC, aptX, aptX LL, aptX HD, aptX Adaptive, LDAC, LHDC",TRUE,,TRUE,,2.5mm/4.4mm,,,5.99in,610g,156.4 x 88.5 x 28 mm,32-bit/768kHz,DSD512,TRUE,Third-party Android apps; AirPlay; Roon Ready,,Dual USB-C,10h SE / 8h BAL,2TB
FiiO,M21,,2026,Active,329,Snapdragon 680,Android 13,4,64,TRUE,4000,Quad CS43198,OPA1692 + SGM8262-2,TRUE,TRUE,405,950,https://www.fiio.com/m21,"Verified - Official: FiiO M21 page confirms Snapdragon 680, Android 13, 4GB RAM, 64GB storage, microSD up to 2TB, quad CS43198 DACs, 3.5mm PO/LO/SPDIF and 4.4mm balanced PO/LO, Bluetooth 5.0 with listed transmit/receive codecs, USB DAC and USB audio functions, 4.7-inch display, 4000mAh battery, 15h SE / 12.5h BAL playback, 193g weight, 68 x 121 x 17 mm dimensions, MQA 8x support, and official 32-ohm output figures of 405mW SE and 950mW balanced in Super High Gain mode.",,,,,,fiio-m21.webp,,https://www.fiio.com/m21,FiiO,Titanium Gold / Dark Blue,,,TRUE,,,,,5.0,"TX: AAC, SBC, aptX, aptX HD, LDAC, LHDC; RX: SBC, AAC, LDAC",TRUE,TRUE,TRUE,,4.4mm,32 ohms,32 ohms,4.7in,193g,68 x 121 x 17 mm,,,TRUE,Third-party Android apps,,USB-C 3.0 data/charging + USB-C power input,15h SE / 12.5h BAL,2TB
FiiO,M23,,2024,Active,699,Snapdragon 660,Android 10,4,64,TRUE,5500,AK4191EQ + AK4499EX,THX AAA 78+,TRUE,TRUE,,,https://www.fiio.com/m23,"Partial - Official: FiiO M23 page confirms AK4191EQ + AK4499EX DACs, THX AAA 78+ amplification, 5500mAh battery, 4GB RAM, 64GB storage, microSD, 3.5mm PO/LO/coaxial and 4.4mm balanced PO/LO, USB DAC operation, dual USB-C ports, 5.5-inch display, MQA 8x, AirPlay, DLNA, Roon Ready mode, and the listed Bluetooth codecs. Official public power figures remain out of the structured fields because the page text does not unambiguously map each figure to SE versus balanced output.",,,,,,fiio-m23.webp,,https://www.fiio.com/m23,FiiO,,,,TRUE,,,,,,"TX: SBC, AAC, aptX, aptX HD, LHDC, LDAC; RX: SBC, AAC, LDAC",TRUE,TRUE,TRUE,,4.4mm,,,5.5in,,,,,TRUE,Third-party Android apps; AirPlay; DLNA; Roon Ready,,Dual USB-C: USB 3.0 data/charging + dedicated power input,,
FiiO,Snowsky Disc,,2026,Active,80,Ingenic X2000,Linux-based Snowsky OS,,,TRUE,1450,Dual CS43131,Independent headphone amp power supply,TRUE,TRUE,,,https://www.fiio.com/DISC,"Verified against FiiO page: 3.5mm + 4.4mm, LDAC Bluetooth 5.4, Wi-Fi/AirPlay, USB DAC/audio, SPDIF/coax, X2000 chip, Linux-based OS, dual CS43131, up to 2TB microSD, 1450mAh battery, 12h battery life. Existing public power figure removed from structured field because the impedance/load needs re-verification.",,,,,,fiio-snowsky-disc.webp,,https://www.fiio.com/DISC,FiiO,,,,TRUE,TRUE,,,,5.4,LDAC,TRUE,,TRUE,,4.4mm,,,,,,,,,AirPlay,,,12h,2TB
FiiO,Snowsky Echo Mini,,2024,Active,49,,Snowsky OS,0.5,8,TRUE,1100,Dual ES9068AS,,TRUE,TRUE,,,https://www.fiio.com/echomini,"Verified against FiiO page: retro UI, 3.5mm + 4.4mm, dual ES9068AS DACs, Bluetooth 5.3 transmit, 1100mAh battery, >15h battery life, 512MB/8GB storage, up to 256GB microSD, USB sound card mode. Existing public power figure removed from structured field because the impedance/load needs re-verification.",,,,,,fiio-snowsky-echo-mini.webp,,https://www.fiio.com/echomini,FiiO,,,,TRUE,,,,,5.3,,TRUE,,,,4.4mm,,,,,,,,,,,,>15h,256GB
FiiO,Snowsky Echo Nano,,2026,Active,,,Snowsky OS,,,TRUE,,CS43131,,TRUE,FALSE,,,https://www.fiio.com/ECHONANO,"Verified against FiiO page: released product page exists. Metal body, 0.91-inch OLED, CS43131 DAC, USB DAC/UAC mode, DSD256 and PCM 24/192 support, 3.5mm output, CTIA in-line controls, up to 256GB microSD. No 4.4mm listed on official page.",,,,,,fiio-snowsky-echo-nano.webp,,https://www.fiio.com/ECHONANO,FiiO,,,,,,,,,,,TRUE,,,,,,,0.91in,,,24-bit/192kHz,DSD256,,,,,,256GB
FiiO,X5 III,,2017,Discontinued,350,RK3188,Android 5.1,1,32,TRUE,3400,Dual AK4490,,TRUE,FALSE,,,https://www.fiio.com/x5iii,"Verified - Official: FiiO X5 III page confirms X5 3rd gen, dual AK4490EN DACs, Android 5.1, single-ended + balanced headphone outputs, Bluetooth 4.0, Wi-Fi 2.4G, 32GB built-in storage, dual microSD slots up to 256GB each, 3400mAh battery, USB DAC mode. 4.4mm remains FALSE because the balanced output is not 4.4mm.",,,,,,fiio-x5-iii.webp,,https://www.fiio.com/x5iii,FiiO,,,,TRUE,TRUE,,,,4.0,,TRUE,,,,Balanced,,,,,,,,,,2.4GHz,,,256GB each
FiiO,X7 Mark II,,2017,Discontinued,650,RK3188,Android 5.1,2,64,TRUE,3800,ESS9028PRO,,TRUE,FALSE,,,https://en.wikipedia.org/wiki/FiiO_X_Series,"Verified - Web/spec table: X Series table lists X7 Mark II as 2017, $650, RK3188, 2GB RAM, 64GB storage, 3800mAh battery, ESS9028PRO, microSD, 3.5mm and 2.5mm balanced. Main sheet keeps 4.4mm FALSE because output is 2.5mm, not 4.4mm.",,,,,,fiio-x7-mark-ii.webp,,https://en.wikipedia.org/wiki/FiiO_X_Series,FiiO,,TRUE,,,,,,,,,,,,,2.5mm,,,,,,,,,,,,,
HiBy,M300,3GB/32GB,2024,Active,199,Snapdragon 665,Android 13,3,32,TRUE,2000,CS43131,,TRUE,FALSE,,,https://store.hiby.com/products/hiby-digital-m300,"Verified - Official: HiBy product page confirms Snapdragon 665, Android 13, 3GB RAM, 32GB storage, CS43131 DAC, 3.5mm output, microSD support up to 2TB, 2000mAh battery, 4.0in display, 29h playback, 136g weight, 113 x 58 x 13 mm dimensions, and Black / Silver / Blue official colors. No 4.4mm output. Existing public power figure remains excluded from structured fields because the impedance/load needs re-verification.",,,,,,hiby-m300.webp,,https://store.hiby.com/products/hiby-digital-m300,HiBy,Black / Silver / Blue,,,,,,,,,,,,,,,,,4.0in,136g,113 x 58 x 13 mm,,,,,,,29h,2TB
HiBy,M500,4G,2026,Active,349,Snapdragon 680,Android 14,4,64,TRUE,4500,Dual CS43198,,TRUE,TRUE,,,https://store.hiby.com/products/hiby-digital-m500,"Partial - Official page + retail listing: HiBy page confirms M500 WiFi/4G options and $319 base WiFi listing, but the text parser exposes specs mostly as images. Existing 4G fields retained from public listings: Snapdragon 680, Android 14, 4GB/64GB, 4500mAh, dual CS43198, 3.5mm/4.4mm, microSD. Needs readable review/AliExpress/Amazon spec table. Existing public power figure removed from structured field because the impedance/load needs re-verification.",,,,,,hiby-m500.webp,,https://store.hiby.com/products/hiby-digital-m500,HiBy,,,,,TRUE,TRUE,TRUE,,,,,,,,4.4mm,,,,,,,,,,,,,
HiBy,M500,WiFi,2026,Active,319,Snapdragon 680,Android 14,4,64,TRUE,4500,Dual CS43198,,TRUE,TRUE,,,https://store.hiby.com/products/hiby-digital-m500,"Partial - Official page + retail listing: HiBy page confirms M500 WiFi/4G options and $319 base WiFi listing, but the text parser exposes specs mostly as images. Existing WiFi fields retained from public listings: Snapdragon 680, Android 14, 4GB/64GB, 4500mAh, dual CS43198, 3.5mm/4.4mm, microSD. Needs readable review/AliExpress/Amazon spec table. Existing public power figure removed from structured field because the impedance/load needs re-verification.",,,,,,hiby-m500.webp,,https://store.hiby.com/products/hiby-digital-m500,HiBy,,,,,TRUE,,,,,,,,,,4.4mm,,,,,,,,,,,,,
HiBy,R1,,2024,Active,85,X1600E,HiByOS (Linux-based),,,TRUE,,CS43131,,TRUE,FALSE,,,https://store.hiby.com/products/hiby-r1,"Verified - Official: HiBy product page confirms $85 regular price, X1600E SoC, CS43131 DAC, HiByOS (Linux-based), 3.5mm output, Bluetooth 5.1, Wi-Fi, PCM 32-bit/384kHz, DSD256, microSD up to 2TB, 15h playback, 400h standby, 70g weight, 83.5 x 51.1 x 12.35 mm dimensions, and Orange / Black / White / Green official colors. Battery capacity remains blank because it was not exposed in accessible official text.",,,,,,hiby-r1.webp,,https://store.hiby.com/products/hiby-r1,HiBy,Orange / Black / White / Green,,,TRUE,TRUE,,,,5.1,,,,,,,,,,70g,83.5 x 51.1 x 12.35 mm,32-bit/384kHz,DSD256,,,,,15h,2TB
HiBy,R3 II,2025,2025,Active,179,X1600E,HiByOS (Linux-based),,,TRUE,,Dual ES9219C,,TRUE,TRUE,,,https://store.hiby.com/products/hiby-r3-ii-2025,"Verified - Official: HiBy product page confirms $179 regular price, X1600E SoC, dual ES9219C DACs, HiByOS (Linux-based), 3.2in touchscreen, self-powered USB audio dongle mode, native DSD256, PCM 32-bit/384kHz, 19h playback, 118g weight, 86.9 x 60.6 x 14.5 mm dimensions, and Black / Red / Silver official colors. The page advertises 340mW at 32 ohms but does not identify the output clearly enough in accessible text for SE/BAL structured entry, so power remains blank.",,,,,,hiby-r3-ii.webp,,https://store.hiby.com/products/hiby-r3-ii-2025,HiBy,Black / Red / Silver,,,,,,,,,,TRUE,,,,4.4mm,,,3.2in,118g,86.9 x 60.6 x 14.5 mm,32-bit/384kHz,DSD256,,,,,19h,
HiBy,R3 Pro,,2019,Discontinued,199,Ingenic X1000E,HiByOS,,,TRUE,1600,Dual CS43131,CS43131 integrated amp,TRUE,FALSE,,,https://headfonics.com/hiby-r3-pro-review/,"Verified - Review: Headfonics review confirms $199 price, dual CS43131 DACs, HiByOS/non-Android platform, 3.5mm + 2.5mm outputs, 1600mAh battery, 20h SE/16h balanced battery life. Existing public power figure removed from structured field because the impedance/load needs re-verification.",,,,,,hiby-r3-pro.webp,,https://headfonics.com/hiby-r3-pro-review/,HiBy,,TRUE,,,,,,,,,,,,,2.5mm,,,,,,,,,,,,20h SE / 16h balanced,
HiBy,R3 Pro Saber,,2020,Discontinued,209,Ingenic X1000E,HiByOS,,,TRUE,1600,Dual ES9218P,ES9218P integrated amp,TRUE,FALSE,,,https://www.linsoul.com/products/hiby-r3-pro-saber,"Verified - Retail/Web: Linsoul listing confirms R3 Pro Saber, $209 no-case / $219 with case, dual ES9218P, Bluetooth 5.0, 5G Wi-Fi, MQA, HiByOS, and fully balanced 2.5mm output. Battery/SoC retained from R3 Pro-family public specs. Main sheet keeps 4.4mm FALSE because balanced output is 2.5mm.",,,,,,hiby-r3-pro-saber-2020.webp,,https://www.linsoul.com/products/hiby-r3-pro-saber,HiBy,,TRUE,,TRUE,TRUE,,,,5.0,,,,,,2.5mm,,,,,,,,TRUE,,5GHz,,,
HiBy,R4,,2024,Active,249,Snapdragon 665,Android 12,3,32,TRUE,4500,Quad ES9018C2M,,TRUE,TRUE,,,https://store.hiby.com/products/hiby-r4,"Partial - Official: HiBy product page confirms Snapdragon 665, Android 12, quad ES9018C2M DACs, Class A amplification, 11h runtime through 3.5mm SE, over 675h standby, 231g weight, 129.6 x 68.3 x 18.5 mm dimensions, and Black / Silver / Orange / Green official colors with the same configuration. RAM, storage, battery, and connector fields are retained from existing public specs because the accessible official hardware table remains image-based. Structured power remains blank pending explicit output/load verification.",,,,,,hiby-r4.webp,,https://store.hiby.com/products/hiby-r4,HiBy,Black / Silver / Orange / Green,,,,,,,,,,,,,,4.4mm,,,,231g,129.6 x 68.3 x 18.5 mm,,,,,,,11h SE,
HiBy,R5 II,Gen 2,2022,Active,449,Snapdragon 425,Android 8.1,2,16,TRUE,4500,Dual ES9219C,Class A discrete amp,TRUE,TRUE,,,https://store.hiby.com/products/hiby-r5-gen-2,"Partial - Official: HiBy page confirms R5 Gen 2, Android 8.1, Snapdragon 425, dual ES9219C, 2GB RAM, 16GB storage, microSD <2TB, 4500mAh battery, 2.5/3.5/4.4mm outputs, Class A mode. Existing public power figure removed from structured field because the impedance/load needs re-verification.",,,,,,hiby-r5-ii-gen-2.webp,,https://store.hiby.com/products/hiby-r5-gen-2,HiBy,,TRUE,,,,,,,,,,,,,2.5mm/4.4mm,,,,,,,,,,,,,2TB
HiBy,R6 III,2025,2025,Active,439,Snapdragon 665,Android 12,4,64,TRUE,4500,Quad CS43198,Class A/AB amp,TRUE,TRUE,,,https://store.hiby.com/products/hiby-r6-iii-2025,"Verified - Official: HiBy product page confirms $439 regular price, Snapdragon 665, Android 12, four CS43198 DACs, switchable Class A/AB amplification, 4GB RAM, 64GB storage, system-wide bit-perfect audio, up to 13h SE Class AB and 12h balanced Class AB playback, and Silver / Black official colors. Structured output power remains blank because accessible official text does not provide a complete SE/BAL plus impedance mapping.",,,,,,hiby-r6-iii-2025.webp,,https://store.hiby.com/products/hiby-r6-iii-2025,HiBy,Silver / Black,,,,,,,,,,,,,,4.4mm,,,,,,,,,,,,13h SE Class AB / 12h balanced Class AB,
HiBy,R6 Pro II,,2023,Active,749,Snapdragon 665,Android 12,4,64,TRUE,5000,AK4191EQ + Dual AK4499EX,Class A/AB amp,TRUE,TRUE,,,https://store.hiby.com/products/r6-pro-ii-gen-2,"Verified - Official: HiBy product page confirms Snapdragon 665, Android 12, AK4191EQ + dual AK4499EX DACs, switchable Class A/AB amplification, 5000mAh battery, 5.9in 1080p display, two-way Bluetooth, PCM 32-bit/1536kHz, DSD1024, MQA 16x unfolding, 285g weight, 147.45 x 75.2 x 15 mm dimensions, 5h balanced Class A / 7h balanced Class AB playback, and Purple / Black official colors. Structured power remains blank because the official accessible text does not supply a complete SE/BAL power and load mapping.",,,,,,hiby-r6-pro-ii.webp,,https://store.hiby.com/products/r6-pro-ii-gen-2,HiBy,Purple / Black,,,TRUE,,,,,,,,,,,4.4mm,,,5.9in,285g,147.45 x 75.2 x 15 mm,32-bit/1536kHz,DSD1024,TRUE,,,,5h Class A / 7h Class AB,
HiBy,R8 II,,2023,Active,1999,Snapdragon 665,Android 12,8,256,TRUE,12000,Darwin-MPA architecture,Class A/AB amp,TRUE,TRUE,,,https://store.hiby.com/products/hiby-r8-ii,"Verified - Official: HiBy product page confirms $1999 SRP, Snapdragon 665, Android 12, Darwin-MPA architecture, 8GB RAM, 256GB storage, 12000mAh battery, 3.5mm and 4.4mm independent headphone/line outputs, 5.9in 1080p+ display, Bluetooth 5.0, dual-band 2.4/5GHz Wi-Fi, USB-C 3.2 Gen 2, PCM 32-bit/1536kHz, DSD1024, MQA 16x, 515g weight, 149 x 78 x 23 mm dimensions, and up to 18h Class A / 21h Class AB playback. Structured power remains blank because the accessible official text does not provide a complete output/load mapping.",,,,,,hiby-r8-ii.webp,,https://store.hiby.com/products/hiby-r8-ii,HiBy,,,,TRUE,TRUE,,,,5.0,,,TRUE,,,4.4mm,,,5.9in,515g,149 x 78 x 23 mm,32-bit/1536kHz,DSD1024,TRUE,,2.4GHz / 5GHz,USB-C 3.2 Gen 2,18h Class A / 21h Class AB,
HiBy,RS2,,2022,Active,479,,HiByOS PureAudio,,,TRUE,3500,Darwin R2R architecture,,TRUE,TRUE,,,https://store.hiby.com/products/hiby-rs2,"Partial - Official: HiBy page confirms $479 regular price, Darwin architecture / R2R design, HiByOS PureAudio version, dual microSD support up to 4TB, NOS/OS mode, 10h continuous playback, 40-day standby, 158g weight. Battery/output retained from existing public specs; official parsed page does not expose every audio spec line. | Structural cleanup: Balanced Output Type set to 4.4mm from existing verified output flags. Existing public power figure removed from structured field because the impedance/load needs re-verification.",,,,,,hiby-rs2.webp,,https://store.hiby.com/products/hiby-rs2,HiBy,,,,,,,,,,,,,,,4.4mm,,,,158g,,,,,,,,10h,4TB
HiBy,RS6,,2021,Discontinued,1399,Snapdragon 660,Android 9,4,64,TRUE,4500,Darwin R2R architecture,,TRUE,TRUE,,,https://store.hiby.com/products/hiby-rs6,"Partial - Official: HiBy page confirms Snapdragon 660, Android 9.0, Darwin architecture, 5in 1080p display, Direct Transport Architecture, 16x MQA, $1399 regular price, 8.5h continuous playback. RAM/storage/battery/output retained from existing public specs. | Structural cleanup: Balanced Output Type set to 4.4mm from existing verified output flags. Existing public power figure removed from structured field because the impedance/load needs re-verification.",,,,,,hiby-rs6.webp,,https://store.hiby.com/products/hiby-rs6,HiBy,,,,,,,,,,,,,,,4.4mm,,,5in,,,,,TRUE,,,,8.5h,
HiBy,RS8,,2022,Active,3299,Snapdragon 665,Android 12,8,256,TRUE,12000,2nd gen Darwin R2R architecture,Class A/AB amp,TRUE,TRUE,,,https://store.hiby.com/products/hiby-rs8,"Verified - Official: HiBy product page confirms $3299 price, Snapdragon 665, Android 12, second-generation Darwin R2R architecture, Class A amplification, 8GB RAM, 256GB storage, microSD up to 2TB, 5.5in 1080p display, PCM 32-bit/1536kHz, DSD1024, MQA 16x unfolding, 8h playback through 4.4mm balanced, 584g weight, 143 x 82 x 22 mm dimensions, Gray finish, USB-C, and an included USB-C-to-RCA coaxial cable supporting coaxial output. Structured power remains blank because the official accessible text does not provide a complete SE/BAL power and impedance mapping.",,,,,,hiby-rs8.webp,,https://store.hiby.com/products/hiby-rs8,HiBy,Gray,,,,,,,,,,,,TRUE,,4.4mm,,,5.5in,584g,143 x 82 x 22 mm,32-bit/1536kHz,DSD1024,TRUE,,,USB-C,8h through 4.4mm balanced,2TB
Hidizs,AP30,Kickstarter,2026,Upcoming,,RKNANOD,HidizsOS,,,TRUE,1200,CS43198,RT6863,TRUE,TRUE,,,https://www.hidizs.net/products/hidizs-ap30-music-boy-the-truly-wearable-palm-sized-hi-res-music-player,"Partial - Official: Hidizs AP30 Music Boy page confirms upcoming Kickstarter status, RKNANOD master chip, CS43198 DAC, RT6863 amplifier, HidizsOS, 1200mAh battery, 3.5mm and 4.4mm outputs, Bluetooth 5.3, USB DAC mode, PCM 24-bit/192kHz, DSD256, microSD up to 256GB, 56g weight, 68 x 53 x 17 mm dimensions, 10-12h SE / 8-10h balanced playback, and Black / Silver finishes. Output-power figures remain blank because a complete output-plus-load mapping was not verified.",,,,,,hidizs-ap30.webp,,https://www.hidizs.net/products/hidizs-ap30-music-boy-the-truly-wearable-palm-sized-hi-res-music-player,Hidizs,Black / Silver,,,TRUE,,,,,5.3,,TRUE,,,,4.4mm,,,,56g,68 x 53 x 17 mm,24-bit/192kHz,DSD256,,,,,10-12h PO / 8-10h BAL,256GB
Hidizs,AP80,,2018,Discontinued,139,Ingenic X1000,HiByOS,,,TRUE,800,ES9218P,,TRUE,FALSE,,,https://www.hidizs.net/products/ap80-high-resolution-portable-music-player,"Verified - Official: Hidizs AP80 product and specification pages confirm Ingenic X1000, HiBy OS, ES9218P DAC, 800mAh battery, 2.45in display, 3.5mm output, bidirectional Bluetooth 4.0 with aptX/AAC/LDAC support, two-way USB DAC through USB-C, PCM 32-bit/384kHz, DSD128, MQA 4x, microSD up to 512GB, about 15h playback, 70g weight, 58 x 49 x 13.8 mm dimensions, and Black / Gray / Blue / Red colors. No 4.4mm output. Structured power remains blank pending verified load data.",,,,,,hidizs-ap80.webp,,https://www.hidizs.net/products/ap80-high-resolution-portable-music-player,Hidizs,Black / Gray / Blue / Red,,,TRUE,,,,,4.0,"AAC, aptX, LDAC",TRUE,,,,,,,2.45in,70g,58 x 49 x 13.8 mm,32-bit/384kHz,DSD128,TRUE,,,USB-C,15h,512GB
Hidizs,AP80 Pro,,2020,Discontinued,169,Ingenic X1000,HiBy OS 3.0,,,TRUE,800,Dual ES9218P,,TRUE,FALSE,,,https://www.hidizs.net/products/ap80-pro-fully-balanced-lossless-music-player,"Verified - Official: Hidizs AP80 Pro product and specification pages confirm Ingenic X1000, HiBy OS 3.0, dual ES9218P DACs, 800mAh battery, 2.45in display, 3.5mm SE and 2.5mm balanced outputs, bidirectional Bluetooth 4.2 with UAT, two-way USB DAC through USB-C, PCM 32-bit/384kHz, DSD256, MQA 4x, microSD up to 512GB, 68g weight, 61.2 x 54.5 x 13.8 mm dimensions, and Black / Gray / Blue / Red colors. Structured output power remains blank because the available page does not provide a clearly mapped SE/BAL load pair.",,,,,,hidizs-ap80-pro.webp,,https://www.hidizs.net/products/ap80-pro-fully-balanced-lossless-music-player,Hidizs,Black / Gray / Blue / Red,TRUE,,TRUE,,,,,4.2,UAT,TRUE,,,,2.5mm,,,2.45in,68g,61.2 x 54.5 x 13.8 mm,32-bit/384kHz,DSD256,TRUE,,,USB-C,,512GB
Hidizs,AP80 Pro Max,,2025,Active,239,X1600E,HiByOS,,,TRUE,1300,Dual ES9219C,,TRUE,TRUE,,,https://www.hidizs.net/products/hidizs-ap80-pro-max-all-in-one-hi-res-streaming-music-player,"Partial - Official: Hidizs AP80 Pro Max page confirms $239 regular price, X1600E SoC, HiByOS, dual ES9219C DACs, 1300mAh battery, 2.95in display, 3.5mm SE and 4.4mm balanced outputs, bidirectional Bluetooth 5.1 with SBC/AAC/aptX/LDAC/UAT, 2.4GHz Wi-Fi with TIDAL/Qobuz/DLNA/AirPlay, two-way USB DAC through USB-C, PCM 32-bit/384kHz, DSD256, MQA 16x, microSD up to 2TB, about 12h playback, 95g weight, 69 x 57 x 15.5 mm dimensions, and Black / Silver / Copper editions. Structured power remains blank because a complete official SE/BAL plus load mapping was not exposed in accessible text.",,,,,,hidizs-ap80-pro-max.webp,,https://www.hidizs.net/products/hidizs-ap80-pro-max-all-in-one-hi-res-streaming-music-player,Hidizs,Black / Silver / Copper,,,TRUE,TRUE,,,,5.1,"SBC, AAC, aptX, LDAC, UAT",TRUE,,,,4.4mm,,,2.95in,95g,69 x 57 x 15.5 mm,32-bit/384kHz,DSD256,TRUE,"TIDAL, Qobuz, DLNA, AirPlay",2.4GHz,USB-C,12h,2TB
Hidizs,AP80 Pro X,,2021,Discontinued,199,Ingenic X1000,HiBy OS 3.0,,0,TRUE,800,Dual ES9219C,,TRUE,FALSE,70,190,https://www.hidizs.net/products/ap80-pro-x-fully-balanced-lossless-music-player-ayfk,"Verified - Official: Hidizs AP80 Pro-X product, specification, and launch pages confirm Ingenic X1000, HiBy OS 3.0, dual ES9219C DACs, 800mAh battery, 2.45in display, 3.5mm SE and 2.5mm balanced outputs, bidirectional Bluetooth 4.2 with aptX/LDAC/UAT, two-way USB DAC through USB-C, PCM 32-bit/384kHz, DSD256, MQA 8x, microSD up to 512GB, 72g weight, 61.2 x 54.5 x 13.8 mm dimensions, and Black / Blue / Silver colors. Official launch material gives 70mW SE and 190mW balanced at 32 ohms.",,,,,,hidizs-ap80-pro-x.webp,,https://www.hidizs.net/products/ap80-pro-x-fully-balanced-lossless-music-player-ayfk,Hidizs,Black / Blue / Silver,TRUE,,TRUE,,,,,4.2,"aptX, LDAC, UAT",TRUE,,,,2.5mm,32 ohms,32 ohms,2.45in,72g,61.2 x 54.5 x 13.8 mm,32-bit/384kHz,DSD256,TRUE,,,USB-C,,512GB
HiFi Walker,H2,,2018,Active,149,,Proprietary,,0,TRUE,1500,ES9018K2M,,TRUE,FALSE,70,,https://hifiwalker.com/products/h2,"Partial - Official: HIFI WALKER H2 product page confirms ES9018K2M DAC, 1500mAh battery, 2.0in display, 3.5mm headphone/line output, USB DAC/OTG support, native DSD128, PCM 32-bit/384kHz, Bluetooth with aptX HD, about 10h playback, 141g weight, 90 x 55 x 15 mm dimensions, Black finish, and current official expansion support up to 256GB. The official page lists 70mW at 32 ohms for the headphone output. The previous 512GB expansion value was corrected to the currently stated official 256GB limit.",,,,,,hifi-walker-h2.webp,,https://hifiwalker.com/products/h2,HiFi Walker,Black,,,TRUE,,,,,,aptX HD,TRUE,TRUE,,,,32 ohms,,2.0in,141g,90 x 55 x 15 mm,32-bit/384kHz,DSD128,,,,,10h,256GB
HiFi Walker,H2 Touch,,2024,Active,189,,Proprietary,,0,TRUE,1500,ESS9219Q,,TRUE,FALSE,,,https://hifiwalker.com/products/h2-touch,"Partial - Official: HIFI WALKER H2 Touch page confirms ESS9219Q DAC, 1500mAh battery, 2.4in display, 3.5mm headphone/line output, Bluetooth 5.2 with aptX HD and LDAC, USB DAC through USB-C, PCM 32-bit/384kHz, native DSD128, microSD expansion up to 512GB, about 10h playback, 120g weight, 90 x 55 x 15 mm dimensions, and Black finish. A later official blog claims a 40h revised version, but the current product page still states 10h; the row keeps the product-page figure. Structured power remains blank because only Vrms is published.",,,,,,hifi-walker-h2-touch.webp,,https://hifiwalker.com/products/h2-touch,HiFi Walker,Black,,,TRUE,,,,,5.2,"aptX HD, LDAC",TRUE,TRUE,,,,,,2.4in,120g,90 x 55 x 15 mm,32-bit/384kHz,DSD128,,,,USB-C,10h,512GB
iBasso,DX160,,2019,Discontinued,399,Octa-core,Android 8.1,2,32,TRUE,,Dual CS43198,,TRUE,TRUE,,,https://ibasso.com/product/dx160/,"Verified - Official Screenshot: iBasso DX160 official specifications screenshot confirms Android 8.1, dual CS43198 DACs, 3.5mm PO/LO/coax plus 4.4mm BAL and USB output, 5.0in 1080p screen, PCM 8kHz-384kHz 8/16/24/32bit, native DSD64/128/256, octa-core CPU, 2GB RAM, 32GB ROM, microSD SDHC/SDXC up to 2TB, Wi-Fi 802.11 b/g/n/ac 2.4/5GHz, USB DAC function, MQA and common file format support, 166g weight, and 12h 2020 / 13h 2019 average play time. Battery mAh and mW output not shown in screenshot, so those fields are left blank.",,,,,,ibasso-dx160.webp,,https://ibasso.com/product/dx160/,iBasso,,,,,TRUE,,,,,,TRUE,TRUE,TRUE,,4.4mm,,,5.0in,166g,,32-bit/384kHz,DSD256,TRUE,,"2.4GHz, 5GHz",,12h 2020 / 13h 2019,2TB
iBasso,DX170,,2022,Discontinued,449,RK3566,Android 11,2,32,TRUE,,Dual CS43131,,TRUE,TRUE,,,https://ibasso.com/product/dx170/,"Verified - Official Screenshot: iBasso DX170 official specifications screenshot confirms Android 11, dual CS43131 DACs, 3.5mm phone/line/coax out, 4.4mm balanced phone out, USB output, 5.0in Sharp 1080x1920 on-cell capacitive touch panel, PCM 8kHz-384kHz 8/16/24/32bit, native DSD64/128/256, RK3566 SoC, 2GB RAM, 32GB ROM, microSD SDHC/SDXC up to 2TB, Wi-Fi 802.11 b/g/n/ac 2.4/5GHz, Bluetooth 5.0, USB DAC function, broad format support, 165g weight, 11h play time, 4.4mm 6.4Vrms, 3.5mm 3.2Vrms, and line out 3.2Vrms. Battery mAh and mW output not shown in screenshot, so those fields are left blank.",,,,,,ibasso-dx170.webp,,https://ibasso.com/product/dx170/,iBasso,,,,TRUE,TRUE,,,,5.0,,TRUE,TRUE,TRUE,,4.4mm,,,5.0in,165g,,32-bit/384kHz,DSD256,,,"2.4GHz, 5GHz",,11h,2TB
iBasso,DX180,,2024,Active,529,Snapdragon 665,Android 13,,,TRUE,3200,Quad CS43131,,TRUE,TRUE,281,690,https://ibasso.com/product/dx180/,"Verified - Official: iBasso product page and official DX180 user guide confirm Snapdragon 665, Android 13, quad CS43131 DACs, 3GB/32GB and 4GB/128GB variants, microSD up to 2TB, 3200mAh battery, 5.0in display, USB-C 3.1, USB DAC, 3.5mm single-ended and 4.4mm balanced headphone/line outputs, 3.5mm coaxial output, Bluetooth 5.0, dual-band Wi-Fi, PCM 32-bit/768kHz, native DSD256, 206g weight, 123 x 75 x 16 mm dimensions, Black / Green / Blue colors, and 15.5h low-gain / 13h high-gain / 30h line-out playback. Official high-gain output is 281mW SE and 690mW balanced at 32 ohms. RAM GB and Storage GB remain blank because this row combines 3GB/32GB and 4GB/128GB variants, while both structured fields require one numeric value.",Black / Green / Blue,,,,,ibasso-dx180.webp,,https://ibasso.com/product/dx180/,iBasso,Black / Green / Blue,,,TRUE,TRUE,,,,5.0,,TRUE,TRUE,TRUE,,4.4mm,32 ohms,32 ohms,5.0in,206g,123 x 75 x 16 mm,32-bit/768kHz,DSD256,,,2.4GHz / 5GHz,USB-C 3.1,15.5h low gain / 13h high gain / 30h line out,2TB
iBasso,DX240,,2021,Discontinued,949,Snapdragon 660,Android 9,4,64,TRUE,4400,ES9038PRO,AMP1 MK3,TRUE,FALSE,,,https://ibasso.com/product/dx240/,"Verified - Official Screenshot: iBasso DX240 official specifications screenshot with AMP1 MK3 confirms black/green colors, 5.0in Sharp 1080x1920 on-cell capacitive touch panel, MQA and common audio formats, USB-C 3.1, 2.5mm balanced phone out, 3.5mm single-ended phone out, 3.5mm line out, 3.5mm coaxial out, USB OTG output, Wi-Fi 802.11 b/g/n/ac 2.4/5GHz, Bluetooth 5.0, 4GB LPDDR4X RAM, 64GB ROM, 4400mAh 3.8V Li-polymer battery, 2.5h charging, 11h average play time, 124x71.5x19.4mm size, 205g weight, AMP1 MK3 module, not 4.4mm. Existing public power figure removed from structured field because the impedance/load needs re-verification.",Black / Green,,,,,ibasso-dx240.webp,,https://ibasso.com/product/dx240/,iBasso,,TRUE,,TRUE,TRUE,,,,5.0,,,TRUE,TRUE,,2.5mm,,,5.0in,205g,124 x 71.5 x 19.4 mm,,,TRUE,,"2.4GHz, 5GHz",USB-C 3.1,11h,
iBasso,DX260,,2024,Discontinued,949,Snapdragon 660,Android 11,4,64,TRUE,4400,Octa CS43198,,TRUE,TRUE,,1015,https://ibasso.com/product/dx260/,"Verified - Official: iBasso product page and official DX260 user guide confirm Snapdragon 660, Android 11/Mango OS dual-boot operation, 4GB RAM, 64GB storage, octa CS43198 DAC matrix, 4400mAh battery, 5.0in display, USB-C 3.1, USB DAC, 3.5mm single-ended and 4.4mm balanced headphone/line outputs, 3.5mm coaxial output, Bluetooth 5.0, dual-band Wi-Fi, PCM 32-bit/768kHz, native DSD512, 229g weight, 123 x 74.5 x 17.5 mm dimensions, Black / Silver colors, and 14h low-gain / 11.5h high-gain / 26h line-out playback. The official guide identifies 1015mW balanced output at 32 ohms. SE power remains blank because its complete mW/load line was not exposed clearly enough in the accessible manual text.",Black / Silver,,,,,ibasso-dx260.webp,,https://ibasso.com/product/dx260/,iBasso,Black / Silver,,,TRUE,TRUE,,,,5.0,,TRUE,TRUE,TRUE,,4.4mm,,32 ohms,5.0in,229g,123 x 74.5 x 17.5 mm,32-bit/768kHz,DSD512,,,2.4GHz / 5GHz,USB-C 3.1,14h low gain / 11.5h high gain / 26h line out,
iBasso,DX300,,2021,Discontinued,1199,Snapdragon 660,Android 9,6,128,TRUE,,Quad CS43198,AMP11 MK2,TRUE,TRUE,,,https://ibasso.com/product/dx300/,"Verified - Official Screenshot: DX300 official specifications screenshot confirms 6GB LPDDR4X RAM, 128GB ROM, 4000mAh digital-section battery plus 2000mAh amp-section battery, 15h playback, 6.5in 2340x1080 IPS screen, 4.4mm/2.5mm balanced and 3.5mm SE outputs, Wi-Fi 2.4/5GHz 2x2 MIMO, Bluetooth 5.0, AMP11 MK2. Existing public power figure removed from structured field because the impedance/load needs re-verification. Battery mAh remains blank because the player uses separate digital and amplifier batteries, while the numeric-only field cannot safely represent both capacities.",Black / Blue,,,,,ibasso-dx300.webp,,https://ibasso.com/product/dx300/,iBasso,,TRUE,,TRUE,TRUE,,,,5.0,,,,,,2.5mm/4.4mm,,,6.5in,,,,,,,"2.4GHz, 5GHz",,15h,
iBasso,DX320,,2022,Active,1599,Snapdragon 660,Android 11,6,128,TRUE,,Dual ROHM BD34301EKV,AMP11 MK2s,TRUE,TRUE,,,https://ibasso.com/product/dx320/,"Verified - Official: iBasso product page and official DX320 manual confirm Snapdragon 660, Android 11/Mango OS dual-boot operation, 6GB RAM, 128GB storage, dual ROHM BD34301EKV DACs, AMP11 MK2s, separate 4000mAh digital and 2000mAh amp batteries, 6.5in display, 3.5mm single-ended plus 2.5mm/4.4mm balanced outputs, USB DAC, mini coaxial output, USB-C 3.1, Bluetooth 5.0, dual-band Wi-Fi, PCM 32-bit/768kHz, native DSD512, MQA support, 10h playback, and Black / Blue colors. Structured power remains blank because the accessible manual text does not label the parsed output sections clearly enough to assign every figure to SE versus balanced without ambiguity. Battery mAh remains blank because the player uses separate digital and amplifier batteries, while the numeric-only field cannot safely represent both capacities.",Black / Green,,,,,ibasso-dx320.webp,,https://ibasso.com/product/dx320/,iBasso,Black / Blue,TRUE,,TRUE,TRUE,,,,5.0,,TRUE,,TRUE,,2.5mm/4.4mm,,,6.5in,,,32-bit/768kHz,DSD512,TRUE,,2.4GHz / 5GHz,USB-C 3.1,10h,
iBasso,DX340,,2025,Active,1699,Snapdragon 665,Android 13,8,256,TRUE,,1-bit discrete PWM-DAC,AMP15 (8 x BUF634),TRUE,TRUE,,,https://ibasso.com/product/dx340/,"Partial - Web: iBasso's official product page confirms the DX340 listing and $1699 price, while iBasso's current firmware page confirms Android 13 support. Reliable detailed sources Twister6, Headfonics, and Moonstar Reviews confirm Snapdragon 665, 8GB RAM, 256GB storage, microSD up to 2TB, dual Android 13/Mango OS operation, 1-bit discrete PWM-DAC architecture, standard AMP15 with eight BUF634 buffers, separate 4000mAh digital and 2100mAh amp batteries, 6.0in AMOLED display, 3.5mm phone/line/coaxial and 4.4mm balanced phone/line outputs, Bluetooth 5.0, dual-band Wi-Fi, USB DAC/OTG, PCM 32-bit/768kHz, DSD512, 11h playback, 486g weight, 150 x 77.5 x 19 mm dimensions, and Silver stainless-steel finish. Structured power remains blank because available figures depend on AMP15 gain and external DC mode, and the database has no module/mode field. Battery mAh remains blank because the player uses separate digital and amplifier batteries, while the numeric-only field cannot safely represent both capacities.",,,,,,ibasso-dx340.webp,,https://ibasso.com/product/dx340/,iBasso,Silver,,,TRUE,TRUE,,,,5.0,,TRUE,TRUE,TRUE,,4.4mm,,,6.0in,486g,150 x 77.5 x 19 mm,32-bit/768kHz,DSD512,,Third-party Android apps; Google Play,2.4GHz / 5GHz,,11h,2TB
Shanling,M0 Pro,,2022,Active,129,Ingenic X1000,MTouch OS,,,TRUE,650,Dual ES9219C,,TRUE,FALSE,90,236,https://en.shanling.com/article-IntroM0Pro.html,"Verified - Official: Shanling launch specifications confirm $129 MSRP, dual ES9219C DAC/amps, MTouch platform, 650mAh battery, 1.54in display, microSD up to 2TB, Bluetooth 5.0 with listed transmit/receive codecs, PCM 32-bit/384kHz, DSD128, 14.5h playback, 36.8g weight, 43.8 x 45 x 13.8 mm dimensions, and Red / Green / Black finishes. Official output figures are 90mW SE and 236mW balanced at 32 ohms. Balanced output requires Shanling's optional 5-pin 3.5mm-to-4.4mm adapter. Secondary source retained for SoC identification: Headfonics identifies the Ingenic X1000 platform.",,,,,,shanling-m0-pro.webp,,https://headfonics.com/shanling-m0-pro-review/,Shanling,Red / Green / Black,,,TRUE,,,,,5.0,"TX: LDAC, aptX, AAC, SBC; RX: LDAC, AAC, SBC",TRUE,,,,Adapter-based 4.4mm,32 ohms,32 ohms,1.54in,36.8g,43.8 x 45 x 13.8 mm,32-bit/384kHz,DSD128,,,,USB-C,14.5h,2TB
Shanling,M0 Pura,,2026,Active,129,Ingenic X1000,MTouch OS,,,TRUE,650,Dual CS43131,,TRUE,FALSE,,250,https://en.shanling.com/article-IntroM0Pura.html,"Partial - Official: Shanling launch material confirms $129 MSRP, dual CS43131 DACs, the same compact chassis concept as M0 Pro, up to 250mW at 32 ohms through the optional balanced adapter, and Black + Orange / Orange / Purple finishes. Secondary reliable sources (Headfonics and What Hi-Fi) confirm Ingenic X1000, MTouch OS, 650mAh battery, 1.54in display, 35.8g weight, 43.8 x 45 x 13.8 mm dimensions, microSD up to 2TB, two-way Bluetooth with LDAC/aptX/AAC/SBC, USB DAC and digital transport functions, PCM 32-bit/384kHz, DSD128, and 9h playback. Bluetooth version remains blank because it was not consistently stated in the accessible official material.",,,,,,shanling-m0-pura.webp,,https://headfonics.com/shanling-m0-pura-review/,Shanling,Black + Orange / Orange / Purple,,,TRUE,,,,,,"LDAC, aptX, AAC, SBC",TRUE,,,,Adapter-based 4.4mm,,32 ohms,1.54in,35.8g,43.8 x 45 x 13.8 mm,32-bit/384kHz,DSD128,,,,USB-C,9h,2TB
Shanling,M1 Plus,,2025,Active,209,Ingenic X2000,Shanling OS,,0,TRUE,2100,ES9069Q,Dual SGM8262,TRUE,TRUE,195,660,https://en.shanling.com/article-IntroM1plus.html,"Verified - Official: Shanling launch specifications confirm $209 MSRP, Ingenic X2000, MTouch OS, ES9069Q DAC, dual SGM8262 amps, 2100mAh battery, 3.2in display, 3.5mm SE and 4.4mm balanced outputs, microSD storage, Bluetooth 5.2 with bi-directional LDAC/aptX HD/aptX/AAC, dual-band Wi-Fi, DLNA, AirPlay, two-way USB, 3.5mm coaxial SPDIF output, PCM 32-bit/768kHz, DSD512, 12.5h playback, 116g weight, 86 x 61 x 17 mm dimensions, and official power of 195mW SE / 660mW balanced at 32 ohms. Official color names were not exposed in accessible text, so color_variants remains blank.",,,,,,shanling-m1-plus.webp,,https://headfonics.com/shanling-m1-plus-review/,Shanling,,,,TRUE,TRUE,,,,5.2,"LDAC, aptX HD, aptX, AAC",TRUE,,TRUE,,4.4mm,32 ohms,32 ohms,3.2in,116g,86 x 61 x 17 mm,32-bit/768kHz,DSD512,,,2.4GHz / 5GHz,USB-C,12.5h,2TB
Shanling,M2X,,2019,Discontinued,219,Ingenic X1000,HiBy OS,,,TRUE,2400,AK4490EN,,TRUE,FALSE,,,https://headfonics.com/shanling-m2x-review/,"Verified - Review: Headfonics confirms M2X as a $219 non-Android/HiBy OS DAP with AK4490EN DAC, LDAC, Wi-Fi, TIDAL, balanced output, microSD support, 32GB built-in storage, 10h official battery life, and Bluetooth 4.2. 4.4mm set FALSE because the review confirms balanced output but does not confirm native 4.4mm.",,,,,,shanling-m2x.webp,,https://headfonics.com/shanling-m2x-review/,Shanling,,,,TRUE,TRUE,,,,4.2,LDAC,,,,,4.4mm,,,,,,,,,TIDAL,,,10h,
Shanling,M3 Plus,,2026,Active,469,Snapdragon 665,Android 13,4,64,TRUE,3500,Quad CS43198,Quad OPA1612 + Dual SGM8262,TRUE,TRUE,200,800,https://en.shanling.com/article-IntroM3Plus.html,"Verified - Official: Shanling launch specifications confirm $469 MSRP, Snapdragon 665, open Android 13, 4GB RAM, 64GB storage plus microSD, four CS43198 DACs, two SGM8262 amps, 3500mAh battery, 4.7in display, 3.5mm SE and 4.4mm balanced outputs, Bluetooth 5.0 with listed transmit/receive codecs, USB DAC and USB transport, PCM 32-bit/768kHz, DSD512, 14h SE / 11h balanced playback, 205g weight, 115 x 70 x 18 mm dimensions, and official high-gain power of 200mW SE / 800mW balanced at 32 ohms. Shanling states three colors including Mocha, but the complete official color list was not exposed in accessible text, so color_variants remains blank.",,,,,,shanling-m3-plus.webp,,https://headfonics.com/shanling-m3-plus-review/,Shanling,,,,TRUE,,,,,5.0,"TX: LDAC, aptX HD, aptX, SBC; RX: LDAC, SBC",TRUE,,,,4.4mm,32 ohms,32 ohms,4.7in,205g,115 x 70 x 18 mm,32-bit/768kHz,DSD512,,,,USB-C,14h SE / 11h BAL,
Shanling,M3 Ultra,,2022,Active,479,Snapdragon 665,Android 10,3,32,TRUE,3500,Dual ES9219C,Dual RT6863,TRUE,TRUE,140,260,https://en.shanling.com/article-IntroM3U.html,"Verified - Official: Shanling launch specifications confirm $479 MSRP, Snapdragon 665, Android 10, 3GB RAM, 32GB storage plus microSD, dual ES9219C DACs, dual RT6863 headphone amps, 3500mAh battery, 4.2in display, 3.5mm SE and 4.4mm balanced outputs, Bluetooth 5.0 with listed transmit/receive codecs, dual-band Wi-Fi, PCM 32-bit/384kHz, DSD256, 20.5h SE / 14.5h balanced playback, 199g weight, 109 x 70.5 x 18 mm dimensions, and official high-gain power of 140mW SE / 260mW balanced at 32 ohms. Corrected the previous erroneous Quad ES9219C entry to Shanling's official dual-DAC specification.",,,,,,shanling-m3-ultra.webp,,https://headfonics.com/shanling-m3-ultra-review/,Shanling,,,,TRUE,TRUE,,,,5.0,"TX: LDAC, aptX HD, aptX, SBC; RX: LDAC, SBC",,,,,4.4mm,32 ohms,32 ohms,4.2in,199g,109 x 70.5 x 18 mm,32-bit/384kHz,DSD256,,,2.4GHz / 5GHz,,20.5h SE / 14.5h BAL,
Shanling,M3X,,2021,Discontinued,339,Snapdragon 430,Android 7.1,2,32,TRUE,3200,Dual ES9219C,,TRUE,TRUE,,,https://headfonics.com/shanling-m3x-review/,"Verified - Review: Headfonics confirms M3X as a $339 Android DAP with dual ES9219C DACs, Snapdragon 430 SoC, 2GB RAM, microSD up to 2TB, 23h official battery life, MQA 16x, Bluetooth transmit/receive, DSD256/PCM32-384 decoding. | Structural cleanup: Balanced Output Type set to 4.4mm from existing verified output flags. Existing public power figure removed from structured field because the impedance/load needs re-verification.",,,,,,shanling-m3x.webp,,https://headfonics.com/shanling-m3x-review/,Shanling,,,,TRUE,,,,,,,,,,,4.4mm,,,,,,32-bit/384kHz,DSD256,TRUE,,,,23h,2TB
Shanling,M5 Ultra,,2025,Active,589,Ingenic X2000,MTouch 4.0,,,TRUE,6000,AK4191EQ + AK4499EX,TPA6120A2,TRUE,TRUE,315,1100,https://en.shanling.com/article-Introm5ultra.html,"Verified - Official: Shanling launch specifications confirm Ingenic X2000, MTouch OS, AK4191 + AK4499EX DAC system, dual TPA6120A amps, 6000mAh battery, 4.7in display, 3.5mm SE and 4.4mm balanced outputs, microSD storage, Bluetooth 5.2 with bi-directional LDAC/aptX HD/aptX/AAC, dual-band Wi-Fi, DLNA, AirPlay, NAS, USB DAC through XMOS XU316, TIDAL, PCM 32-bit/768kHz, DSD512, 11h playback, 247g weight, 120 x 75 x 19.5 mm dimensions, and official power of 315mW SE / 1100mW balanced at 32 ohms. The existing $589 market price is retained because the official launch page directs buyers to regional retailers rather than publishing a global MSRP.",,,,,,shanling-m5-ultra.webp,,https://headfonics.com/shanling-m5-ultra-review/,Shanling,,,,TRUE,TRUE,,,,5.2,"LDAC, aptX HD, aptX, AAC",TRUE,,,,4.4mm,32 ohms,32 ohms,4.7in,247g,120 x 75 x 19.5 mm,32-bit/768kHz,DSD512,,TIDAL,2.4GHz / 5GHz,USB-C (XMOS XU316),11h,
Shanling,M6,,2019,Discontinued,499,Snapdragon 430,Android 7.1,4,32,TRUE,4000,Dual AK4495SEQ,,TRUE,TRUE,,,https://en.shanling.com/product/244,"Verified - Official Screenshot: Shanling M6 official specifications screenshot confirms Android 7.1, 4.7in 720x1280 Sharp IPS HD screen, 228g weight, 32GB ROM plus external microSD up to 2TB, dual AK4495SEQ DACs, Bluetooth 4.2 with bidirectional LDAC/SBC and transmit-only HWA LHDC/aptX HD/aptX, 2.4G/5G Wi-Fi, 4000mAh battery, 12h single-ended / 9h balanced battery life, but note that this screenshot does not explicitly show connector type for balanced output. Existing public power figure removed from structured field because the impedance/load needs re-verification.",,,,,,shanling-m6.webp,,https://en.shanling.com/product/244,Shanling,,,,TRUE,TRUE,,,,4.2,"SBC, aptX HD, LDAC, LHDC, HWA",,,,,4.4mm,,,4.7in,228g,,,,,,"2.4GHz, 5GHz",,12h single-ended / 9h balanced,2TB
Shanling,M6 Pro,,2020,Discontinued,759,Snapdragon 430,Android 7.1,4,32,TRUE,4000,Dual AK4497EQ,2x OPA1662 + 2x ADA4610-2 + 4x BUF634,TRUE,TRUE,,,https://headfonics.com/shanling-m6-pro-review/,"Verified - Review: Headfonics confirms M6 Pro as a $759 Android 7.1 DAP with Snapdragon 430, 4GB RAM, dual AK4497EQ DACs, 3.5mm/2.5mm/4.4mm outputs, microSD slot, OPA1662 + ADA4610-2 + BUF634 amp stage. Existing public power figure removed from structured field because the impedance/load needs re-verification.",,,,,,shanling-m6-pro.webp,,https://headfonics.com/shanling-m6-pro-review/,Shanling,,TRUE,,,,,,,,,,,,,2.5mm/4.4mm,,,,,,,,,,,,,
Shanling,M6 Ultra,,2022,Active,919,Snapdragon 665,Android 10,4,64,TRUE,5650,Quad AK4493SEQ,OPA1612/OPA2211/LTA8092/BUF634A,TRUE,TRUE,240,720,https://en.shanling.com/article-IntroM6U.html,"Verified - Official: Shanling launch specifications confirm $919 MSRP, Snapdragon 665, open Android 10, 4GB RAM, 64GB storage plus microSD, four AK4493SEQ DACs, OPA1612/OPA2211/LTA8092/BUF634A analog stage, 5650mAh battery, 5in display, 3.5mm SE and 4.4mm balanced outputs, Bluetooth 5.0 with listed transmit/receive codecs, dual-band Wi-Fi, DLNA, AirPlay, PCM 32-bit/768kHz, DSD512, MQA 16x, 13.5h SE / 9h balanced playback, 263g weight, 127 x 77 x 18 mm dimensions, Emerald Green / Black finishes, and official power of 240mW SE / 720mW balanced at 32 ohms. Corrected RAM from 3GB to Shanling's official 4GB specification.",,,,,,shanling-m6-ultra.webp,,https://headfonics.com/shanling-m6-ultra-review/,Shanling,Emerald Green / Black,,,TRUE,TRUE,,,,5.0,"TX: LDAC, aptX HD, aptX, SBC; RX: LDAC, SBC",,,,,4.4mm,32 ohms,32 ohms,5in,263g,127 x 77 x 18 mm,32-bit/768kHz,DSD512,TRUE,Third-party Android apps; AirPlay; DLNA,2.4GHz / 5GHz,,13.5h SE / 9h BAL,
Shanling,M7,,2022,Active,1249,Snapdragon 665,Android 10,6,128,TRUE,7000,ES9038PRO,ADA4896-2 + MUSES8920 + OPA2211 + BUF634A,TRUE,TRUE,400,900,https://en.shanling.com/article-IntoM7.html,"Verified - Official: Shanling launch specifications confirm $1249 MSRP, Snapdragon 665, open Android 10, 6GB RAM, 128GB storage plus microSD, ES9038PRO DAC, ADA4896-2/MUSES8920/OPA2211/BUF634 amplification, 7000mAh battery, 5in display, 3.5mm SE and 4.4mm balanced outputs, Bluetooth 5.0 with listed codecs, dual-band Wi-Fi, DLNA, AirPlay, PCM 32-bit/768kHz, DSD512, MQA 16x, 312g weight, 129 x 78 x 20 mm dimensions, and official power of 400mW SE / 900mW balanced at 32 ohms. Existing 2.5mm FALSE is retained from prior verified review data.",,,,,,shanling-m7.webp,,https://headfonics.com/shanling-m7-review/,Shanling,,FALSE,,TRUE,TRUE,,,,5.0,"LDAC, LHDC, aptX HD, aptX, SBC",,,,,4.4mm,32 ohms,32 ohms,5in,312g,129 x 78 x 20 mm,32-bit/768kHz,DSD512,TRUE,Third-party Android apps; AirPlay; DLNA,2.4GHz / 5GHz,,,
Shanling,M8,,2020,Discontinued,1659,Snapdragon 430,Android 7.1,4,64,TRUE,7000,Dual AK4499EQ,OPA1662 + ADA4610-2 + BUF634A,TRUE,TRUE,,,https://headfonics.com/shanling-m8-review/,"Verified - Review: Headfonics confirms M8 as a $1659 flagship DAP with dual AK4499EQ DACs, Snapdragon 430, Android 7.1, 7000mAh battery, interchangeable sockets supporting 3.5mm/2.5mm/4.4mm/3.5 Pro, Bluetooth 5.0. Existing public power figure removed from structured field because the impedance/load needs re-verification.",,,,,,shanling-m8.webp,,https://headfonics.com/shanling-m8-review/,Shanling,,TRUE,,TRUE,,,,,5.0,,,,,,2.5mm/4.4mm,,,,,,,,,,,,,
Shanling,M8T,,2026,Active,1499,Snapdragon 665,Android 13,6,128,TRUE,8350,Dual AK4191EQ + Dual AK4499EX,ADA45253 + OPA1612 + AD8397 + Dual JAN6418 tubes,TRUE,TRUE,500,1125,https://en.shanling.com/article-IntroM8T.html,"Partial - Official: Shanling's official launch page confirms M8T is shipping, is the current portable flagship, runs open Android 13, supports third-party music and streaming apps, and uses dual JAN6418 tube output with selectable transistor mode. The official product page is image-based in accessible text. Secondary reliable sources Headfonics and Twister6 confirm $1499 pricing, Snapdragon 665, 6GB RAM, 128GB storage, microSD up to 2TB, dual AK4191EQ + dual AK4499EX DAC system, ADA45253/OPA1612/AD8397 transistor stage, 8350mAh battery, 6in display, Bluetooth 5.0 with LDAC/AAC/SBC, dual-band Wi-Fi, USB DAC, PCM 32-bit/768kHz, DSD1024, 15.5h SE / 13h balanced playback, 383g weight, 147 x 82 x 22 mm dimensions, and transistor-mode power of 500mW SE / 1125mW balanced at 32 ohms. Status corrected from Upcoming to Active. Color remains blank because an official chassis color name was not confirmed.",,,,,,shanling-m8t.webp,,https://en.shanling.com/,Shanling,,,,TRUE,TRUE,,,,5.0,"LDAC, AAC, SBC",TRUE,,,,4.4mm,32 ohms,32 ohms,6in,383g,147 x 82 x 22 mm,32-bit/768kHz,DSD1024,,Third-party Android apps; Google Play; AirPlay,2.4GHz / 5GHz,USB-C,15.5h SE / 13h BAL,2TB
Shanling,M9,,2021,Discontinued,2799,Snapdragon 665,Android 10,8,256,TRUE,8350,Dual AK4499EQ,ADA4610-2 + BUF634A + OPA1612,TRUE,TRUE,460,920,https://en.shanling.com/article-shanling-m9.html,"Verified - Official: Shanling launch specifications confirm $2799 MSRP, Snapdragon 665, Android 10, 8GB RAM, 256GB storage plus microSD, dual AK4499EQ DACs, ADA4610-2/BUF634A/OPA1612 amplification, 8350mAh battery, 6in 2K display, interchangeable 3.5mm / 2.5mm / 4.4mm / 3.5Pro output modules, Bluetooth 5.0 with listed codecs, dual-band Wi-Fi, DLNA, AirPlay, PCM 32-bit/768kHz, DSD512, MQA 16x, 18h SE / 10h balanced playback, 409g weight, 152 x 82 x 22 mm dimensions, and official power of 460mW SE / 920mW balanced at 32 ohms. The AKM edition was officially limited to 500 units; existing Discontinued status remains unchanged.",,,,,,shanling-m9.webp,,https://headfonics.com/shanling-m9-review/,Shanling,,TRUE,,TRUE,TRUE,,,,5.0,"LDAC, LHDC, aptX HD, aptX, SBC",,,,,2.5mm / 4.4mm / 3.5Pro,32 ohms,32 ohms,6in,409g,152 x 82 x 22 mm,32-bit/768kHz,DSD512,TRUE,Third-party Android apps; AirPlay; DLNA,2.4GHz / 5GHz,,18h SE / 10h BAL,2TB
Sony,NW-A306,,2023,Active,349,,Android 12,4,32,TRUE,,S-Master HX,S-Master HX,TRUE,FALSE,,,https://www.sony.com/electronics/support/digital-music-players-nw-nwz-a-series/nw-a306/specifications,"Verified - Official: Sony USA and Sony Japan A300-series specifications confirm Android 12 at launch, 32GB storage, microSD/microSDXC, S-Master HX, 3.5mm output, 3.6in display, Bluetooth 5.0 transmit with SBC/AAC/aptX/aptX HD/LDAC, dual-band Wi-Fi, USB-C 3.2 Gen 1, PCM up to 32-bit/384kHz, DSD up to 11.2896MHz (DSD256), MQA, third-party Android streaming apps, 36h MP3 / 32h FLAC 96/24 playback, 113g weight, 56.5 x 98.4 x 11.8 mm dimensions, Gray / Blue / Black colors, and official microSDXC support up to 1TB. Sony's USA output specification is region-capped and differs from other markets, so structured power remains blank.",,,,,,sony-nw-a306.webp,,https://www.sony.com/electronics/support/digital-music-players-nw-nwz-a-series/nw-a306/specifications,Sony,Gray / Blue / Black,,,TRUE,TRUE,,,,5.0,"TX: SBC, AAC, aptX, aptX HD, LDAC",,,,,,,,3.6in,113g,56.5 x 98.4 x 11.8 mm,32-bit/384kHz,DSD256,TRUE,Third-party Android apps,2.4GHz / 5GHz,USB-C 3.2 Gen 1,36h MP3 / 32h FLAC 96/24,1TB
Sony,NW-A307,,2023,Active,399,,Android 12,4,64,TRUE,,S-Master HX,S-Master HX,TRUE,FALSE,,,https://www.sony.jp/walkman/products/NW-A300_series/spec.html,"Verified - Official: Sony Japan's A300-series specifications confirm NW-A307 as the 64GB model alongside the 32GB NW-A306, with Android 12 at launch, microSD, S-Master HX, 3.5mm output, 3.6in display, Bluetooth 5.0 transmit with SBC/AAC/aptX/aptX HD/LDAC, dual-band Wi-Fi, USB-C 3.2 Gen 1, PCM up to 32-bit/384kHz, DSD256, MQA, third-party Android streaming apps, 36h MP3 / 32h FLAC 192/24 playback, 113g weight, 56.5 x 98.4 x 11.8 mm dimensions, Gray / Blue / Black colors, and official microSDXC support up to 1TB. Sony output power varies by sales region, so structured power remains blank.",,,,,,sony-nw-a307.webp,,https://en.wikipedia.org/wiki/Walkman_A_Series,Sony,Gray / Blue / Black,,,TRUE,TRUE,,,,5.0,"TX: SBC, AAC, aptX, aptX HD, LDAC",,,,,,,,3.6in,113g,56.5 x 98.4 x 11.8 mm,32-bit/384kHz,DSD256,TRUE,Third-party Android apps,2.4GHz / 5GHz,USB-C 3.2 Gen 1,36h MP3 / 32h FLAC 192/24,1TB
Sony,NW-WM1AM2,,2022,Active,1399,,Android 11,4,128,TRUE,,S-Master HX,,TRUE,TRUE,,,https://www.sony.com/electronics/support/digital-music-players-nw-wm-series/nw-wm1am2/specifications,"Verified - Official: Sony specifications confirm Android 11, 128GB storage, microSD/microSDXC, S-Master HX, 3.5mm and 4.4mm balanced outputs, 5.0in display, Bluetooth 5.0 transmit, dual-band Wi-Fi, USB-C 3.2 Gen 1, PCM up to 32-bit/384kHz, native DSD256 through balanced output, MQA, Android streaming apps, up to 40h MP3/FLAC 96/24 playback, 299g weight, 80.5 x 142.5 x 20.8 mm dimensions, Black finish, and official microSDXC support up to 1TB. Sony's published high-gain 60mW SE and 250mW balanced figures are market-dependent, so structured power is left blank to avoid applying one region's output to all units.",,,,,,sony-nw-wm1am2.webp,,https://www.sony.com/electronics/support/digital-music-players-nw-wm-series/nw-wm1am2/specifications,Sony,Black,,,TRUE,TRUE,,,,5.0,"TX: SBC, AAC, aptX, aptX HD, LDAC",,,,,4.4mm,,,5in,299g,80.5 x 142.5 x 20.8 mm,32-bit/384kHz,DSD256,TRUE,Third-party Android apps,"2.4GHz, 5GHz",USB-C 3.2 Gen 1,40h,1TB
Sony,NW-WM1ZM2,,2022,Active,3699,,Android 11,4,256,TRUE,,S-Master HX,,TRUE,TRUE,,,https://www.sony.com/electronics/support/digital-music-players-nw-wm-series/nw-wm1zm2/specifications,"Verified - Official: Sony specifications confirm Android 11, 256GB storage, microSD/microSDXC, S-Master HX, 3.5mm and 4.4mm balanced outputs, 5.0in display, Bluetooth 5.0 transmit, dual-band Wi-Fi, USB-C 3.2 Gen 1, PCM up to 32-bit/384kHz, native DSD256 through balanced output, MQA, Android streaming apps, up to 40h MP3/FLAC 96/24 playback, 490g weight, 80.5 x 142.5 x 21 mm dimensions, Gold finish, and official microSDXC support up to 1TB. Sony's published high-gain 60mW SE and 250mW balanced figures are market-dependent, so structured power is left blank to avoid applying one region's output to all units.",,,,,,sony-nw-wm1zm2.webp,,https://www.sony.com/electronics/support/digital-music-players-nw-wm-series/nw-wm1zm2/specifications,Sony,Gold,,,TRUE,TRUE,,,,5.0,"TX: SBC, AAC, aptX, aptX HD, LDAC",,,,,4.4mm,,,5in,490g,80.5 x 142.5 x 21 mm,32-bit/384kHz,DSD256,TRUE,Third-party Android apps,"2.4GHz, 5GHz",USB-C 3.2 Gen 1,40h,1TB
Sony,NW-ZX507,,2019,Discontinued,829,,Android 9,4,64,TRUE,1500,,,TRUE,TRUE,,,https://www.sony.com/electronics/support/digital-music-players-nw-nwz-zx-series/nw-zx507/specifications,"Partial - Official: Sony USA support specs confirm NW-ZX507 Android 9.0, 64GB memory, microSD, USB-C, 3.5mm stereo mini jack, balanced standard-jack, 3.6in 1280x720 display, detailed battery ratings. Existing public power figure removed from structured field because the impedance/load needs re-verification.",,,,,,sony-nw-zx507.webp,,https://www.sony.com/electronics/support/digital-music-players-nw-nwz-zx-series/nw-zx507/specifications,Sony,,,,,,,,,,,,,,,4.4mm,,,3.6in,,,,,,,,USB-C,,
Sony,NW-ZX707,,2023,Active,899,,Android 12,4,64,TRUE,1500,S-Master HX,S-Master HX,TRUE,TRUE,,,https://www.sony.com/electronics/support/digital-music-players-nw-nwz-zx-series/nw-zx707/specifications,"Verified - Official: Sony support specifications confirm Android 12, 64GB storage, microSD/microSDXC, S-Master HX, 3.5mm and 4.4mm balanced outputs, 5.0in display, Bluetooth 5.0 transmit with SBC/AAC/aptX/aptX HD/LDAC, dual-band Wi-Fi, USB-C 3.2 Gen 1, PCM up to 32-bit/384kHz, DSD256, MQA, third-party Android streaming apps, 25h SE / 24h balanced MP3 playback, 227g weight, 72.6 x 132.3 x 17 mm dimensions, and official microSDXC support up to 1TB. Sony USA publishes a region-capped output figure that differs from uncapped markets, so structured power remains blank.",,,,,,sony-nw-zx707.webp,,https://www.sony.com/electronics/support/digital-music-players-nw-nwz-zx-series/nw-zx707/specifications,Sony,,,,TRUE,TRUE,,,,5.0,"TX: SBC, AAC, aptX, aptX HD, LDAC",,,,,4.4mm,,,5in,227g,72.6 x 132.3 x 17 mm,32-bit/384kHz,DSD256,TRUE,Third-party Android apps,2.4GHz / 5GHz,USB-C 3.2 Gen 1,25h SE / 24h balanced MP3,1TB
Surfans,F20,,2019,Active,123.99,,Proprietary,,0,TRUE,1500,ES9018K2M,Dedicated amp,TRUE,FALSE,70,,https://www.surfans.net/products/surfans-f20,"Verified - Official: Surfans F20 page confirms $123.99 price, ES9018K2M DAC, 1500mAh battery, 2.0in display, 3.5mm headphone and line outputs, Bluetooth 5.2 with aptX/aptX HD/LDAC, USB DAC and USB-S/PDIF functions, microSD up to 512GB, 108g weight, 94 x 57 x 15 mm dimensions, Black finish, and official 70mW headphone output at 32 ohms. Wi-Fi remains verified FALSE from the existing row.",,,,,,surfans-f20.webp,,https://www.surfans.net/products/surfans-f20,Surfans,Black,,,TRUE,FALSE,,,,5.2,"aptX HD, aptX, LDAC",TRUE,TRUE,TRUE,,,32 ohms,,2.0in,108g,94 x 57 x 15 mm,,,,,,,,512GB
Surfans,F28,,2024,Active,179.99,,Proprietary,,0,TRUE,2500,Dual ES9018K2M,,TRUE,TRUE,125,450,https://www.surfans.net/products/surfans-f28,"Verified - Official: Surfans F28 page confirms $179.99 price, dual ES9018K2M DACs, 2500mAh battery, 3.5in display, 3.5mm SE and 4.4mm balanced outputs, Bluetooth with LDAC, microSD up to 512GB, about 12h playback, 140g weight, 101.5 x 65 x 15 mm dimensions, Black finish, and official output of 125mW SE / 450mW balanced at 32 ohms. USB DAC, Wi-Fi, line/coax/optical output, decoding limits, and Bluetooth version remain blank because the product page does not clearly verify them.",,,,,,surfans-f28.webp,,https://www.surfans.net/products/surfans-f28,Surfans,Black,,,TRUE,,,,,,LDAC,,,,,4.4mm,32 ohms,32 ohms,3.5in,140g,101.5 x 65 x 15 mm,,,,,,,12h,512GB
Surfans,F35,,2025,Active,349.99,,Proprietary,,0,TRUE,3000,ES9038Q2M,,TRUE,TRUE,125,400,https://www.surfans.net/products/surfans-f35,"Verified - Official: Surfans F35 page confirms $349.99 price, ES9038Q2M DAC, 3000mAh battery, 4.0in display, 3.5mm SE and 4.4mm balanced outputs, Bluetooth with aptX/LDAC, microSD up to 512GB, about 10-12h playback, 256g weight, 119.5 x 66.6 x 18 mm dimensions, Black finish, and official output of 125mW SE / 400mW balanced at 32 ohms. USB DAC, Wi-Fi, line/coax/optical output, decoding limits, and Bluetooth version remain blank because the product page does not clearly verify them.",,,,,,surfans-f35.webp,,https://www.surfans.net/products/surfans-f35,Surfans,Black,,,TRUE,,,,,,"aptX, LDAC",,,,,4.4mm,32 ohms,32 ohms,4.0in,256g,119.5 x 66.6 x 18 mm,,,,,,,10-12h,512GB
TempoTec,V3,,2023,Active,199,,HiBy OS,,,TRUE,3500,Dual AK4493SEQ,,TRUE,TRUE,330,610,https://www.tempotec.net/products/tempotec-v3,"Verified - Official: TempoTec V3 page confirms $199 price, dual AK4493SEQ DACs, HiBy OS, 3500mAh battery, microSD input, 3.5mm SE and 4.4mm balanced outputs, two-way Bluetooth 5.1 with LDAC/AAC/aptX/aptX HD/SBC, 2.4GHz Wi-Fi, TIDAL and Qobuz, USB DAC, PCM 32-bit/768kHz, DSD512, MQA 16x, and official output of 330mW SE / 610mW balanced at 32 ohms. Display, weight, dimensions, storage limit, and colors remain blank because they were not exposed reliably in the official text.",,,,,,tempotec-v3.webp,,https://www.tempotec.net/products/tempotec-v3,TempoTec,,,,TRUE,TRUE,,,,5.1,"AAC, aptX HD, aptX, LDAC",TRUE,,,,4.4mm,32 ohms,32 ohms,,,,32-bit/768kHz,DSD512,TRUE,"TIDAL, Qobuz",2.4GHz,,,
TempoTec,V6,,2022,Discontinued,369,,Android 8.1,2,16,TRUE,4500,Dual AK4493SEQ,,TRUE,TRUE,330,610,https://www.tempotec.net/products/tempotec-v6,"Partial - Official: TempoTec V6 page confirms Android 8.1, 2GB RAM, 16GB storage, dual AK4493SEQ DACs, 4500mAh battery, microSD, 3.5mm SE and 4.4mm balanced outputs, Bluetooth with LDAC/AAC/aptX/aptX HD, USB DAC through USB-C, PCM 32-bit/768kHz, DSD512, MQA 16x, Apple Music/Spotify/TIDAL/Qobuz support, 116 x 68 x 17 mm dimensions, Black / Gold wheel versions, and official output of 330mW SE / 610mW balanced at 32 ohms. Display, weight, Bluetooth version details beyond the official product listing, storage maximum, and battery runtime remain unresolved.",,,,,,tempotec-v6.webp,,https://www.tempotec.net/products/tempotec-v6,TempoTec,Black / Gold,,,TRUE,,,,,5.0,"AAC, aptX HD, LDAC",TRUE,,,,4.4mm,32 ohms,32 ohms,,,116 x 68 x 17 mm,32-bit/768kHz,DSD512,TRUE,Streaming apps,,USB-C,,
